{"count": 15, "results": [{"id": 1, "name": "File Extraction", "description": "There is a zip attached for you to try and open. Can you extract the content from this file to find the flag?", "max_attempts": 0, "value": 10, "category": "File System Basics", "type": "standard", "state": "hidden", "requirements": null}, {"id": 2, "name": "Caesar Needs Your Help!", "description": "This problem requires you to decrypt the following code \"YnUlP6\". It requires each character to be shifted by a certain amount.\r\n(don't forget to encircle the tag with gcCTF{})", "max_attempts": 0, "value": 20, "category": "Crypto", "type": "standard", "state": "hidden", "requirements": null}, {"id": 3, "name": "Hex This Number", "description": "Convert this number from base 10 to base 16: 733_10.\r\n(Make sure to put gcCTF in the flag)", "max_attempts": 0, "value": 15, "category": "Number Theory", "type": "standard", "state": "hidden", "requirements": null}, {"id": 4, "name": "Do you see?", "description": "These numbers represent some sort of code. Find that code and decode \"3665656E7468\" to find the answer.\r\n", "max_attempts": 0, "value": 25, "category": "Crypto", "type": "standard", "state": "hidden", "requirements": null}, {"id": 5, "name": "Garbage Data", "description": "There is a text file attached filled mostly with garbage data. Your job is to find the flag hidden within.", "max_attempts": 0, "value": 15, "category": "Crypto", "type": "standard", "state": "hidden", "requirements": null}, {"id": 6, "name": "A Happy Ending", "description": "There is a .jpg file attached containing the flag. But it won't open for some reason...", "max_attempts": 0, "value": 15, "category": "File System Basics", "type": "standard", "state": "hidden", "requirements": null}, {"id": 7, "name": "You can do that?", "description": "The flag is hidden somewhere on this website: TODO - Actually create the website.", "max_attempts": 0, "value": 20, "category": "Website Hacking", "type": "standard", "state": "hidden", "requirements": null}, {"id": 8, "name": "Where is the solution?", "description": "The flag is hidden somewhere in this website: TODO - create website. ", "max_attempts": 0, "value": 25, "category": "Website Hacking", "type": "standard", "state": "hidden", "requirements": null}, {"id": 9, "name": "Shell Server WIP", "description": "We have no idea how to do this yet. We'll figure it out.", "max_attempts": 0, "value": 20, "category": "", "type": "standard", "state": "hidden", "requirements": null}, {"id": 10, "name": "Computer History", "description": "There is a file attached to this problem. When was it created? Submit your answer in the format gcCTF{mm/dd/yyyy}\r\n", "max_attempts": 0, "value": 20, "category": "File System Basics", "type": "standard", "state": "hidden", "requirements": null}, {"id": 11, "name": "Odd Text Encodings", "description": "Decrypt the following string to get the correct flag. \r\n\r\nZ2NDVEZ7SG9vcmF5IX0=", "max_attempts": 0, "value": 30, "category": "Crypto", "type": "standard", "state": "hidden", "requirements": null}, {"id": 12, "name": "Hosting a Website", "description": "Download the HTML file and open it locally to find the flag.", "max_attempts": 0, "value": 10, "category": "Website Hacking", "type": "standard", "state": "hidden", "requirements": null}, {"id": 13, "name": "Octal Name Needed", "description": "Conver this number to Base 10 (Decimal) -  572 Base 8.", "max_attempts": 0, "value": 20, "category": "Crypto", "type": "standard", "state": "hidden", "requirements": null}, {"id": 14, "name": "Cat/Type", "description": "This problem has a zip containing a bunch of files containing parts of the flag. Putting them together by hand would be near impossible. Try and use the cat/type command to combine the data from the files.", "max_attempts": 0, "value": 35, "category": "Command Line Skills", "type": "standard", "state": "hidden", "requirements": null}, {"id": 15, "name": "Script Running", "description": "Attached is a runnable script. Download the .bat if you are using Windows and the .sh if you are using Linux or Mac. Run it in the command line to get the flag.", "max_attempts": 0, "value": 20, "category": "Command Line Skills", "type": "standard", "state": "hidden", "requirements": null}], "meta": {}}