{"count": 8, "results": [{"id": 1, "type": "challenge", "location": "084056e01fd24a93ba5e9f6e53dc8114/Problem1.zip", "challenge_id": 1, "page_id": null}, {"id": 2, "type": "challenge", "location": "b15426977f887bd54dfa3a421db9ba8f/Problem5.txt", "challenge_id": 5, "page_id": null}, {"id": 3, "type": "challenge", "location": "86b2a3cfaecb4c78a7dfe97faf76b383/Problem1.txt", "challenge_id": 10, "page_id": null}, {"id": 4, "type": "challenge", "location": "a5a9655ec3a97907a55601311a09ea04/Problem8.html", "challenge_id": 7, "page_id": null}, {"id": 5, "type": "challenge", "location": "a1b806532e6c5ea13f14e0d6e21adcf2/problem9.html", "challenge_id": 8, "page_id": null}, {"id": 6, "type": "challenge", "location": "21def8847e9b1fdace962968ec9f2d94/LongProblem.zip", "challenge_id": 14, "page_id": null}, {"id": 7, "type": "challenge", "location": "fdd34633af15e3369ec063413ab3d98e/SimpleBat.bat", "challenge_id": 15, "page_id": null}, {"id": 8, "type": "challenge", "location": "1d1c772edadb228f132c12a202d54315/SimpleSh.sh", "challenge_id": 15, "page_id": null}], "meta": {}}