{"count": 13, "results": [{"id": 1, "challenge_id": 1, "type": "static", "content": "gcCTF{unZipComplete}", "data": null}, {"id": 2, "challenge_id": 2, "type": "static", "content": "gcCTF{crYpT0}", "data": ""}, {"id": 3, "challenge_id": 3, "type": "static", "content": "gcCTF{2DD}", "data": null}, {"id": 4, "challenge_id": 4, "type": "static", "content": "gcCTF{6teenth}", "data": null}, {"id": 5, "challenge_id": 6, "type": "static", "content": "fileChangeComplete", "data": null}, {"id": 6, "challenge_id": 7, "type": "static", "content": "gcCTF{icanIE}", "data": null}, {"id": 7, "challenge_id": 8, "type": "static", "content": "gcCTF{2layer}", "data": null}, {"id": 8, "challenge_id": 10, "type": "static", "content": "gcCTF{01/14/2019}", "data": null}, {"id": 9, "challenge_id": 11, "type": "static", "content": "gcCTF{Hooray!}", "data": null}, {"id": 10, "challenge_id": 12, "type": "static", "content": "gcCTF{lOcaLlyruNNinG}", "data": null}, {"id": 11, "challenge_id": 13, "type": "static", "content": "gcCTF{378}", "data": null}, {"id": 12, "challenge_id": 14, "type": "static", "content": "gcCTF{99bottlesofbeeronthewall99bottlesofbeertakeonedownpassitaround99bottlesofbeeronthewall}", "data": null}, {"id": 13, "challenge_id": 15, "type": "static", "content": "gcCTF{bAtchShELl}", "data": null}], "meta": {}}