{"count": 11, "results": [{"id": 1, "type": "standard", "challenge_id": 1, "content": "Try right-clicking the file to see what you can do with it.", "cost": 2, "requirements": null}, {"id": 2, "type": "standard", "challenge_id": 2, "content": "You should shift each character to the right by 4.", "cost": 10, "requirements": null}, {"id": 3, "type": "standard", "challenge_id": 3, "content": "Base 16 is like Base 10, which is the system we usually use, except in addition from 0-9, there are 6 additional numbers representing 10-15 in each location. These are a, b, c, d, e, and f.", "cost": 3, "requirements": null}, {"id": 4, "type": "standard", "challenge_id": 4, "content": "What is the most common encoding for characters?", "cost": 5, "requirements": null}, {"id": 5, "type": "standard", "challenge_id": 5, "content": "Look for a curly brace and the gcCTF prefix, which will distinguish the flag from the rest of the data.", "cost": 10, "requirements": null}, {"id": 6, "type": "standard", "challenge_id": 6, "content": "Try changing the file type at the end.", "cost": 3, "requirements": null}, {"id": 7, "type": "standard", "challenge_id": 7, "content": "Try right-clicking and seeing what all of your options are.", "cost": 4, "requirements": null}, {"id": 8, "type": "standard", "challenge_id": 8, "content": "Don't look only at what might be visible.", "cost": 5, "requirements": null}, {"id": 9, "type": "standard", "challenge_id": 10, "content": "Look at the properties of the file.", "cost": 12, "requirements": null}, {"id": 10, "type": "standard", "challenge_id": 11, "content": "Try converting to and from different text encodings (e.g. ASCII) and see if any of those produce a viable answer.", "cost": 5, "requirements": null}, {"id": 11, "type": "standard", "challenge_id": 13, "content": "Octal only has 8 digits available instead of the usual 10.", "cost": 10, "requirements": null}], "meta": {}}