{"count": 3, "results": [{"id": 1, "name": "File Extraction", "description": "There is a zip attached for you to try and open. Can you extract the content from this file to find the flag?", "max_attempts": 0, "value": 10, "category": "File System Basics", "type": "standard", "state": "hidden", "requirements": null}, {"id": 2, "name": "Caesar Needs Your Help!", "description": "This problem requires you to decrypt the following code \"YnUlP6\". It requires each character to be shifted by a certain amount.\r\n(don't forget to encircle the tag with gcCTF{})", "max_attempts": 0, "value": 20, "category": "Crypto", "type": "standard", "state": "hidden", "requirements": null}, {"id": 3, "name": "Hex This Number", "description": "Convert this number from base 10 to base 16: 733_10.\r\n(Make sure to put gcCTF in the flag)", "max_attempts": 0, "value": 15, "category": "Number Theory", "type": "standard", "state": "hidden", "requirements": null}], "meta": {}}