{"count": 3, "results": [{"id": 1, "type": "standard", "challenge_id": 1, "content": "Try right-clicking the file to see what you can do with it.", "cost": 2, "requirements": null}, {"id": 2, "type": "standard", "challenge_id": 2, "content": "You should shift each character to the right by 4.", "cost": 10, "requirements": null}, {"id": 3, "type": "standard", "challenge_id": 3, "content": "Base 16 is like Base 10, which is the system we usually use, except in addition from 0-9, there are 6 additional numbers representing 10-15 in each location. These are a, b, c, d, e, and f.", "cost": 3, "requirements": null}], "meta": {}}